date,day,month,season,festival_name,festival_type,weather,is_weekend,footfall,wait_time_min,crowd_level,entry_rate
2023-01-01,Sunday,1,winter,None,none,Cold,1,14992,6,Low,393
2023-01-02,Monday,1,winter,None,none,Pleasant,0,15438,6,Low,421
2023-01-03,Tuesday,1,winter,None,none,Cold,0,10578,5,Low,407
2023-01-04,Wednesday,1,winter,None,none,Cold,0,10361,5,Low,476
2023-01-05,Thursday,1,winter,None,none,Cold,0,9638,5,Low,465
2023-01-06,Friday,1,winter,None,none,Foggy,0,7937,5,Low,394
2023-01-07,Saturday,1,winter,None,none,Cold,1,14218,6,Low,401
2023-01-08,Sunday,1,winter,None,none,Cold,1,16196,6,Low,419
2023-01-09,Monday,1,winter,None,none,Cold,0,12438,5,Low,461
2023-01-10,Tuesday,1,winter,None,none,Cold,0,10539,5,Low,473
2023-01-11,Wednesday,1,winter,None,none,Foggy,0,7755,5,Low,418
2023-01-12,Thursday,1,winter,None,none,Foggy,0,9031,5,Low,465
2023-01-13,Friday,1,winter,None,none,Pleasant,0,12638,5,Low,390
2023-01-14,Saturday,1,winter,None,none,Cold,1,14595,5,Low,479
2023-01-15,Sunday,1,winter,None,none,Foggy,1,11958,5,Low,433
2023-01-16,Monday,1,winter,None,none,Pleasant,0,13670,6,Low,409
2023-01-17,Tuesday,1,winter,None,none,Cold,0,9880,5,Low,433
2023-01-18,Wednesday,1,winter,None,none,Cold,0,10240,5,Low,401
2023-01-19,Thursday,1,winter,None,none,Foggy,0,8308,5,Low,402
2023-01-20,Friday,1,winter,None,none,Pleasant,0,11599,5,Low,434
2023-01-21,Saturday,1,winter,None,none,Pleasant,1,18322,8,Low,395
2023-01-22,Sunday,1,winter,None,none,Foggy,1,11873,5,Low,458
2023-01-23,Monday,1,winter,None,none,Cold,0,11832,5,Low,438
2023-01-24,Tuesday,1,winter,None,none,Cold,0,9981,5,Low,460
2023-01-25,Wednesday,1,winter,None,none,Pleasant,0,11915,5,Low,470
2023-01-26,Thursday,1,winter,None,none,Pleasant,0,12547,5,Low,463
2023-01-27,Friday,1,winter,None,none,Cold,0,9709,5,Low,480
2023-01-28,Saturday,1,winter,None,none,Cold,1,15334,6,Low,395
2023-01-29,Sunday,1,winter,None,none,Cold,1,15526,6,Low,427
2023-01-30,Monday,1,winter,None,none,Cold,0,11351,5,Low,419
2023-01-31,Tuesday,1,winter,None,none,Cold,0,10375,5,Low,438
2023-02-01,Wednesday,2,winter,None,none,Pleasant,0,11367,5,Low,448
2023-02-02,Thursday,2,winter,None,none,Pleasant,0,11164,5,Low,410
2023-02-03,Friday,2,winter,None,none,Pleasant,0,12861,5,Low,435
2023-02-04,Saturday,2,winter,None,none,Cold,1,16439,6,Low,475
2023-02-05,Sunday,2,winter,None,none,Pleasant,1,18888,7,Low,479
2023-02-06,Monday,2,winter,None,none,Cold,0,11857,5,Low,467
2023-02-07,Tuesday,2,winter,None,none,Cold,0,9543,5,Low,458
2023-02-08,Wednesday,2,winter,None,none,Cold,0,10500,5,Low,410
2023-02-09,Thursday,2,winter,None,none,Foggy,0,8319,5,Low,438
2023-02-10,Friday,2,winter,None,none,Pleasant,0,11274,5,Low,471
2023-02-11,Saturday,2,winter,None,none,Cold,1,15288,5,Low,477
2023-02-12,Sunday,2,winter,None,none,Pleasant,1,16659,7,Low,397
2023-02-13,Monday,2,winter,None,none,Cold,0,13041,6,Low,394
2023-02-14,Tuesday,2,winter,None,none,Pleasant,0,11536,5,Low,441
2023-02-15,Wednesday,2,winter,None,none,Pleasant,0,12312,5,Low,398
2023-02-16,Thursday,2,winter,None,none,Cold,0,9892,5,Low,462
2023-02-17,Friday,2,winter,None,none,Pleasant,0,12038,5,Low,417
2023-02-18,Saturday,2,winter,None,none,Foggy,1,12694,5,Low,440
2023-02-19,Sunday,2,winter,None,none,Foggy,1,11964,5,Low,408
2023-02-20,Monday,2,winter,None,none,Pleasant,0,15481,6,Low,407
2023-02-21,Tuesday,2,winter,None,none,Cold,0,10649,5,Low,461
2023-02-22,Wednesday,2,winter,None,none,Pleasant,0,12843,5,Low,464
2023-02-23,Thursday,2,winter,None,none,Foggy,0,8930,5,Low,464
2023-02-24,Friday,2,winter,None,none,Foggy,0,8531,5,Low,436
2023-02-25,Saturday,2,winter,None,none,Cold,1,16332,7,Low,407
2023-02-26,Sunday,2,winter,None,none,Foggy,1,11770,5,Low,401
2023-02-27,Monday,2,winter,None,none,Cold,0,11644,5,Low,404
2023-02-28,Tuesday,2,winter,None,none,Cold,0,9457,5,Low,470
2023-03-01,Wednesday,3,spring,None,none,Pleasant,0,11664,5,Low,477
2023-03-02,Thursday,3,spring,None,none,Pleasant,0,11786,5,Low,466
2023-03-03,Friday,3,spring,None,none,Pleasant,0,11560,5,Low,439
2023-03-04,Saturday,3,spring,None,none,Pleasant,1,18946,7,Low,466
2023-03-05,Sunday,3,spring,None,none,Pleasant,1,17587,6,Low,457
2023-03-06,Monday,3,spring,None,none,Warm,0,13200,5,Low,460
2023-03-07,Tuesday,3,spring,None,none,Pleasant,0,12081,5,Low,477
2023-03-08,Wednesday,3,spring,None,none,Pleasant,0,11310,5,Low,477
2023-03-09,Thursday,3,spring,None,none,Warm,0,11951,5,Low,472
2023-03-10,Friday,3,spring,None,none,Warm,0,10623,5,Low,404
2023-03-11,Saturday,3,spring,None,none,Warm,1,18432,7,Low,445
2023-03-12,Sunday,3,spring,None,none,Pleasant,1,18784,7,Low,448
2023-03-13,Monday,3,spring,None,none,Pleasant,0,13705,5,Low,423
2023-03-14,Tuesday,3,spring,None,none,Pleasant,0,11050,5,Low,454
2023-03-15,Wednesday,3,spring,None,none,Pleasant,0,12605,5,Low,470
2023-03-16,Thursday,3,spring,None,none,Warm,0,11777,5,Low,471
2023-03-17,Friday,3,spring,None,none,Pleasant,0,12439,5,Low,409
2023-03-18,Saturday,3,spring,None,none,Warm,1,17842,7,Low,410
2023-03-19,Sunday,3,spring,None,none,Pleasant,1,16773,6,Low,466
2023-03-20,Monday,3,spring,None,none,Warm,0,13370,5,Low,452
2023-03-21,Tuesday,3,spring,None,none,Pleasant,0,11262,5,Low,404
2023-03-22,Wednesday,3,spring,None,none,Warm,0,12062,5,Low,429
2023-03-23,Thursday,3,spring,None,none,Pleasant,0,12236,5,Low,397
2023-03-24,Friday,3,spring,None,none,Pleasant,0,11675,5,Low,462
2023-03-25,Saturday,3,spring,None,none,Pleasant,1,16743,7,Low,400
2023-03-26,Sunday,3,spring,None,none,Pleasant,1,17455,7,Low,398
2023-03-27,Monday,3,spring,None,none,Pleasant,0,13997,6,Low,406
2023-03-28,Tuesday,3,spring,None,none,Pleasant,0,12440,5,Low,460
2023-03-29,Wednesday,3,spring,None,none,Pleasant,0,12264,5,Low,423
2023-03-30,Thursday,3,spring,None,none,Pleasant,0,12743,5,Low,417
2023-03-31,Friday,3,spring,None,none,Pleasant,0,11946,5,Low,429
2023-04-01,Saturday,4,spring,None,none,Pleasant,1,16904,6,Low,475
2023-04-02,Sunday,4,spring,None,none,Warm,1,17683,7,Low,446
2023-04-03,Monday,4,spring,None,none,Pleasant,0,15000,6,Low,405
2023-04-04,Tuesday,4,spring,None,none,Pleasant,0,12117,5,Low,418
2023-04-05,Wednesday,4,spring,None,none,Pleasant,0,12520,5,Low,433
2023-04-06,Thursday,4,spring,None,none,Pleasant,0,11988,5,Low,465
2023-04-07,Friday,4,spring,None,none,Pleasant,0,12043,5,Low,465
2023-04-08,Saturday,4,spring,None,none,Pleasant,1,17791,8,Low,390
2023-04-09,Sunday,4,spring,None,none,Pleasant,1,16633,6,Low,480
2023-04-10,Monday,4,spring,None,none,Pleasant,0,13496,5,Low,419
2023-04-11,Tuesday,4,spring,None,none,Pleasant,0,11100,5,Low,394
2023-04-12,Wednesday,4,spring,None,none,Warm,0,11648,5,Low,399
2023-04-13,Thursday,4,spring,None,none,Pleasant,0,11643,5,Low,425
2023-04-14,Friday,4,spring,None,none,Pleasant,0,12016,5,Low,417
2023-04-15,Saturday,4,spring,None,none,Pleasant,1,19173,7,Low,463
2023-04-16,Sunday,4,spring,None,none,Pleasant,1,17277,7,Low,421
2023-04-17,Monday,4,spring,None,none,Pleasant,0,14193,5,Low,442
2023-04-18,Tuesday,4,spring,None,none,Pleasant,0,12490,5,Low,402
2023-04-19,Wednesday,4,spring,None,none,Pleasant,0,11479,5,Low,474
2023-04-20,Thursday,4,spring,None,none,Pleasant,0,11187,5,Low,435
2023-04-21,Friday,4,spring,None,none,Pleasant,0,11596,5,Low,442
2023-04-22,Saturday,4,spring,None,none,Pleasant,1,17024,7,Low,396
2023-04-23,Sunday,4,spring,None,none,Pleasant,1,19237,8,Low,397
2023-04-24,Monday,4,spring,None,none,Pleasant,0,15109,6,Low,433
2023-04-25,Tuesday,4,spring,None,none,Pleasant,0,12256,5,Low,421
2023-04-26,Wednesday,4,spring,None,none,Pleasant,0,12713,5,Low,414
2023-04-27,Thursday,4,spring,None,none,Pleasant,0,12583,5,Low,407
2023-04-28,Friday,4,spring,None,none,Pleasant,0,11398,5,Low,413
2023-04-29,Saturday,4,spring,None,none,Warm,1,18174,7,Low,449
2023-04-30,Sunday,4,spring,None,none,Pleasant,1,18113,8,Low,399
2023-05-01,Monday,5,spring,None,none,Pleasant,0,15108,5,Low,460
2023-05-02,Tuesday,5,spring,None,none,Pleasant,0,12760,5,Low,396
2023-05-03,Wednesday,5,spring,None,none,Pleasant,0,11650,5,Low,401
2023-05-04,Thursday,5,spring,None,none,Pleasant,0,11251,5,Low,411
2023-05-05,Friday,5,spring,None,none,Pleasant,0,11477,5,Low,452
2023-05-06,Saturday,5,spring,None,none,Pleasant,1,17790,7,Low,417
2023-05-07,Sunday,5,spring,None,none,Pleasant,1,18915,8,Low,397
2023-05-08,Monday,5,spring,None,none,Pleasant,0,15231,6,Low,438
2023-05-09,Tuesday,5,spring,None,none,Pleasant,0,11053,5,Low,439
2023-05-10,Wednesday,5,spring,None,none,Warm,0,11419,5,Low,448
2023-05-11,Thursday,5,spring,None,none,Warm,0,11249,5,Low,444
2023-05-12,Friday,5,spring,None,none,Pleasant,0,11466,5,Low,409
2023-05-13,Saturday,5,spring,None,none,Pleasant,1,16905,7,Low,427
2023-05-14,Sunday,5,spring,None,none,Pleasant,1,17532,7,Low,397
2023-05-15,Monday,5,spring,None,none,Pleasant,0,15420,6,Low,430
2023-05-16,Tuesday,5,spring,None,none,Pleasant,0,11660,5,Low,396
2023-05-17,Wednesday,5,spring,None,none,Pleasant,0,12036,5,Low,454
2023-05-18,Thursday,5,spring,None,none,Pleasant,0,12389,5,Low,397
2023-05-19,Friday,5,spring,None,none,Pleasant,0,11738,5,Low,413
2023-05-20,Saturday,5,spring,None,none,Pleasant,1,19358,7,Low,466
2023-05-21,Sunday,5,spring,None,none,Pleasant,1,19331,7,Low,476
2023-05-22,Monday,5,spring,None,none,Pleasant,0,13828,5,Low,441
2023-05-23,Tuesday,5,spring,None,none,Pleasant,0,11994,5,Low,462
2023-05-24,Wednesday,5,spring,None,none,Pleasant,0,11617,5,Low,464
2023-05-25,Thursday,5,spring,None,none,Pleasant,0,11586,5,Low,469
2023-05-26,Friday,5,spring,None,none,Pleasant,0,11110,5,Low,443
2023-05-27,Saturday,5,spring,None,none,Warm,1,17399,7,Low,423
2023-05-28,Sunday,5,spring,None,none,Pleasant,1,18007,6,Low,475
2023-05-29,Monday,5,spring,None,none,Warm,0,12698,5,Low,420
2023-05-30,Tuesday,5,spring,None,none,Warm,0,10996,5,Low,440
2023-05-31,Wednesday,5,spring,None,none,Pleasant,0,12783,5,Low,475
2023-06-01,Thursday,6,summer,None,none,Very Hot,0,7474,5,Low,448
2023-06-02,Friday,6,summer,None,none,Very Hot,0,7356,5,Low,399
2023-06-03,Saturday,6,summer,None,none,Hot,1,14375,5,Low,448
2023-06-04,Sunday,6,summer,None,none,Hot,1,15518,6,Low,399
2023-06-05,Monday,6,summer,None,none,Hot,0,11044,5,Low,454
2023-06-06,Tuesday,6,summer,None,none,Very Hot,0,8014,5,Low,406
2023-06-07,Wednesday,6,summer,None,none,Very Hot,0,8126,5,Low,398
2023-06-08,Thursday,6,summer,None,none,Hot,0,9197,5,Low,437
2023-06-09,Friday,6,summer,None,none,Very Hot,0,8084,5,Low,410
2023-06-10,Saturday,6,summer,None,none,Cloudy,1,15857,6,Low,459
2023-06-11,Sunday,6,summer,None,none,Very Hot,1,11947,5,Low,468
2023-06-12,Monday,6,summer,None,none,Hot,0,11766,5,Low,475
2023-06-13,Tuesday,6,summer,None,none,Very Hot,0,7844,5,Low,474
2023-06-14,Wednesday,6,summer,None,none,Hot,0,8970,5,Low,407
2023-06-15,Thursday,6,summer,None,none,Very Hot,0,8218,5,Low,404
2023-06-16,Friday,6,summer,None,none,Hot,0,9324,5,Low,460
2023-06-17,Saturday,6,summer,None,none,Hot,1,13677,5,Low,424
2023-06-18,Sunday,6,summer,None,none,Very Hot,1,10840,5,Low,467
2023-06-19,Monday,6,summer,None,none,Hot,0,11687,5,Low,433
2023-06-20,Tuesday,6,summer,None,none,Hot,0,9872,5,Low,477
2023-06-21,Wednesday,6,summer,None,none,Very Hot,0,7196,5,Low,454
2023-06-22,Thursday,6,summer,None,none,Cloudy,0,10820,5,Low,422
2023-06-23,Friday,6,summer,None,none,Hot,0,9179,5,Low,401
2023-06-24,Saturday,6,summer,None,none,Cloudy,1,16576,7,Low,425
2023-06-25,Sunday,6,summer,None,none,Hot,1,13649,6,Low,390
2023-06-26,Monday,6,summer,None,none,Very Hot,0,9645,5,Low,406
2023-06-27,Tuesday,6,summer,None,none,Very Hot,0,7658,5,Low,410
2023-06-28,Wednesday,6,summer,None,none,Cloudy,0,11554,5,Low,460
2023-06-29,Thursday,6,summer,None,none,Cloudy,0,10173,5,Low,461
2023-06-30,Friday,6,summer,None,none,Hot,0,9355,5,Low,404
2023-07-01,Saturday,7,summer,None,none,Hot,1,13509,5,Low,478
2023-07-02,Sunday,7,summer,None,none,Hot,1,15378,6,Low,459
2023-07-03,Monday,7,summer,None,none,Hot,0,12215,5,Low,437
2023-07-04,Tuesday,7,summer,None,none,Hot,0,9228,5,Low,445
2023-07-05,Wednesday,7,summer,None,none,Hot,0,9845,5,Low,395
2023-07-06,Thursday,7,summer,None,none,Very Hot,0,8195,5,Low,436
2023-07-07,Friday,7,summer,None,none,Hot,0,9684,5,Low,435
2023-07-08,Saturday,7,summer,None,none,Hot,1,14468,5,Low,477
2023-07-09,Sunday,7,summer,None,none,Hot,1,13805,5,Low,475
2023-07-10,Monday,7,summer,None,none,Hot,0,10770,5,Low,435
2023-07-11,Tuesday,7,summer,None,none,Cloudy,0,11486,5,Low,469
2023-07-12,Wednesday,7,summer,None,none,Hot,0,10215,5,Low,420
2023-07-13,Thursday,7,summer,None,none,Hot,0,9804,5,Low,412
2023-07-14,Friday,7,summer,None,none,Cloudy,0,10521,5,Low,393
2023-07-15,Saturday,7,summer,None,none,Hot,1,14052,5,Low,432
2023-07-16,Sunday,7,summer,None,none,Cloudy,1,16785,6,Low,475
2023-07-17,Monday,7,summer,None,none,Hot,0,12251,5,Low,424
2023-07-18,Tuesday,7,summer,None,none,Hot,0,10194,5,Low,479
2023-07-19,Wednesday,7,summer,None,none,Hot,0,10029,5,Low,438
2023-07-20,Thursday,7,summer,None,none,Hot,0,9818,5,Low,450
2023-07-21,Friday,7,summer,None,none,Hot,0,8961,5,Low,415
2023-07-22,Saturday,7,summer,None,none,Cloudy,1,15322,6,Low,434
2023-07-23,Sunday,7,summer,None,none,Very Hot,1,12446,5,Low,419
2023-07-24,Monday,7,summer,None,none,Hot,0,11716,5,Low,393
2023-07-25,Tuesday,7,summer,None,none,Hot,0,8846,5,Low,441
2023-07-26,Wednesday,7,summer,None,none,Very Hot,0,7302,5,Low,425
2023-07-27,Thursday,7,summer,None,none,Hot,0,9851,5,Low,425
2023-07-28,Friday,7,summer,None,none,Very Hot,0,7182,5,Low,472
2023-07-29,Saturday,7,summer,None,none,Cloudy,1,15320,5,Low,476
2023-07-30,Sunday,7,summer,None,none,Very Hot,1,11791,5,Low,393
2023-07-31,Monday,7,summer,None,none,Hot,0,11873,5,Low,423
2023-08-01,Tuesday,8,monsoon,None,none,Rainy,0,6760,5,Low,464
2023-08-02,Wednesday,8,monsoon,None,none,Cloudy,0,10323,5,Low,394
2023-08-03,Thursday,8,monsoon,None,none,Rainy,0,6824,5,Low,466
2023-08-04,Friday,8,monsoon,None,none,Stormy,0,3448,5,Low,434
2023-08-05,Saturday,8,monsoon,None,none,Cloudy,1,15747,6,Low,445
2023-08-06,Sunday,8,monsoon,None,none,Rainy,1,10290,5,Low,455
2023-08-07,Monday,8,monsoon,None,none,Rainy,0,8109,5,Low,439
2023-08-08,Tuesday,8,monsoon,None,none,Rainy,0,6968,5,Low,414
2023-08-09,Wednesday,8,monsoon,None,none,Cloudy,0,11072,5,Low,395
2023-08-10,Thursday,8,monsoon,None,none,Stormy,0,3639,5,Low,390
2023-08-11,Friday,8,monsoon,None,none,Rainy,0,6170,5,Low,458
2023-08-12,Saturday,8,monsoon,None,none,Rainy,1,9690,5,Low,436
2023-08-13,Sunday,8,monsoon,None,none,Stormy,1,5197,5,Low,398
2023-08-14,Monday,8,monsoon,None,none,Cloudy,0,12429,5,Low,469
2023-08-15,Tuesday,8,monsoon,None,none,Cloudy,0,11617,5,Low,474
2023-08-16,Wednesday,8,monsoon,None,none,Rainy,0,6487,5,Low,428
2023-08-17,Thursday,8,monsoon,None,none,Rainy,0,7014,5,Low,429
2023-08-18,Friday,8,monsoon,None,none,Stormy,0,3675,5,Low,431
2023-08-19,Saturday,8,monsoon,None,none,Stormy,1,5654,5,Low,479
2023-08-20,Sunday,8,monsoon,None,none,Cloudy,1,16206,6,Low,460
2023-08-21,Monday,8,monsoon,None,none,Rainy,0,8017,5,Low,414
2023-08-22,Tuesday,8,monsoon,None,none,Stormy,0,3595,5,Low,475
2023-08-23,Wednesday,8,monsoon,None,none,Stormy,0,3424,5,Low,476
2023-08-24,Thursday,8,monsoon,None,none,Rainy,0,6834,5,Low,468
2023-08-25,Friday,8,monsoon,None,none,Rainy,0,6368,5,Low,428
2023-08-26,Saturday,8,monsoon,None,none,Stormy,1,4989,5,Low,460
2023-08-27,Sunday,8,monsoon,None,none,Rainy,1,10130,5,Low,428
2023-08-28,Monday,8,monsoon,None,none,Cloudy,0,12290,5,Low,416
2023-08-29,Tuesday,8,monsoon,None,none,Stormy,0,3853,5,Low,464
2023-08-30,Wednesday,8,monsoon,None,none,Rainy,0,7079,5,Low,473
2023-08-31,Thursday,8,monsoon,None,none,Cloudy,0,11516,5,Low,449
2023-09-01,Friday,9,monsoon,None,none,Stormy,0,3525,5,Low,446
2023-09-02,Saturday,9,monsoon,None,none,Rainy,1,9132,5,Low,455
2023-09-03,Sunday,9,monsoon,None,none,Stormy,1,5770,5,Low,411
2023-09-04,Monday,9,monsoon,None,none,Rainy,0,7828,5,Low,426
2023-09-05,Tuesday,9,monsoon,None,none,Rainy,0,7092,5,Low,474
2023-09-06,Wednesday,9,monsoon,None,none,Rainy,0,7089,5,Low,432
2023-09-07,Thursday,9,monsoon,None,none,Rainy,0,6972,5,Low,420
2023-09-08,Friday,9,monsoon,None,none,Cloudy,0,10444,5,Low,418
2023-09-09,Saturday,9,monsoon,None,none,Rainy,1,9717,5,Low,408
2023-09-10,Sunday,9,monsoon,None,none,Rainy,1,10456,5,Low,395
2023-09-11,Monday,9,monsoon,None,none,Rainy,0,7688,5,Low,450
2023-09-12,Tuesday,9,monsoon,None,none,Rainy,0,6250,5,Low,399
2023-09-13,Wednesday,9,monsoon,None,none,Stormy,0,3632,5,Low,443
2023-09-14,Thursday,9,monsoon,None,none,Rainy,0,7060,5,Low,414
2023-09-15,Friday,9,monsoon,None,none,Stormy,0,3712,5,Low,453
2023-09-16,Saturday,9,monsoon,None,none,Stormy,1,5460,5,Low,421
2023-09-17,Sunday,9,monsoon,None,none,Rainy,1,9261,5,Low,473
2023-09-18,Monday,9,monsoon,None,none,Rainy,0,8065,5,Low,403
2023-09-19,Tuesday,9,monsoon,None,none,Stormy,0,3882,5,Low,418
2023-09-20,Wednesday,9,monsoon,None,none,Rainy,0,6219,5,Low,479
2023-09-21,Thursday,9,monsoon,None,none,Rainy,0,6619,5,Low,449
2023-09-22,Friday,9,monsoon,None,none,Rainy,0,6998,5,Low,461
2023-09-23,Saturday,9,monsoon,None,none,Rainy,1,10281,5,Low,405
2023-09-24,Sunday,9,monsoon,None,none,Stormy,1,5570,5,Low,407
2023-09-25,Monday,9,monsoon,None,none,Stormy,0,4459,5,Low,475
2023-09-26,Tuesday,9,monsoon,None,none,Rainy,0,6451,5,Low,461
2023-09-27,Wednesday,9,monsoon,None,none,Rainy,0,6382,5,Low,430
2023-09-28,Thursday,9,monsoon,None,none,Stormy,0,3778,5,Low,468
2023-09-29,Friday,9,monsoon,None,none,Rainy,0,6927,5,Low,444
2023-09-30,Saturday,9,monsoon,None,none,Rainy,1,10481,5,Low,447
2023-10-01,Sunday,10,autumn,None,none,Pleasant,1,19190,7,Low,450
2023-10-02,Monday,10,autumn,None,none,Cloudy,0,12983,5,Low,423
2023-10-03,Tuesday,10,autumn,None,none,Pleasant,0,12002,5,Low,471
2023-10-04,Wednesday,10,autumn,None,none,Cool,0,13201,5,Low,456
2023-10-05,Thursday,10,autumn,None,none,Cloudy,0,11059,5,Low,470
2023-10-06,Friday,10,autumn,None,none,Pleasant,0,12387,5,Low,425
2023-10-07,Saturday,10,autumn,None,none,Cloudy,1,16966,7,Low,399
2023-10-08,Sunday,10,autumn,None,none,Cool,1,20079,8,Low,420
2023-10-09,Monday,10,autumn,None,none,Cool,0,14728,6,Low,432
2023-10-10,Tuesday,10,autumn,None,none,Cool,0,12349,5,Low,459
2023-10-11,Wednesday,10,autumn,None,none,Pleasant,0,11220,5,Low,407
2023-10-12,Thursday,10,autumn,None,none,Pleasant,0,12150,5,Low,419
2023-10-13,Friday,10,autumn,None,none,Cloudy,0,9998,5,Low,478
2023-10-14,Saturday,10,autumn,None,none,Pleasant,1,17900,6,Low,480
2023-10-15,Sunday,10,autumn,None,none,Pleasant,1,18122,8,Low,398
2023-10-16,Monday,10,autumn,None,none,Cloudy,0,12517,5,Low,442
2023-10-17,Tuesday,10,autumn,None,none,Cool,0,12783,5,Low,459
2023-10-18,Wednesday,10,autumn,None,none,Cloudy,0,9988,5,Low,443
2023-10-19,Thursday,10,autumn,None,none,Pleasant,0,11111,5,Low,416
2023-10-20,Friday,10,autumn,None,none,Cloudy,0,11357,5,Low,439
2023-10-21,Saturday,10,autumn,None,none,Pleasant,1,17597,6,Low,463
2023-10-22,Sunday,10,autumn,None,none,Cloudy,1,15233,6,Low,451
2023-10-23,Monday,10,autumn,None,none,Pleasant,0,14451,6,Low,435
2023-10-24,Tuesday,10,autumn,None,none,Cool,0,13144,5,Low,439
2023-10-25,Wednesday,10,autumn,None,none,Cloudy,0,10308,5,Low,458
2023-10-26,Thursday,10,autumn,None,none,Pleasant,0,12235,5,Low,452
2023-10-27,Friday,10,autumn,None,none,Pleasant,0,11203,5,Low,424
2023-10-28,Saturday,10,autumn,None,none,Cloudy,1,15037,6,Low,452
2023-10-29,Sunday,10,autumn,None,none,Pleasant,1,18090,7,Low,439
2023-10-30,Monday,10,autumn,None,none,Cool,0,15218,5,Low,475
2023-10-31,Tuesday,10,autumn,None,none,Cloudy,0,11037,5,Low,411
2023-11-01,Wednesday,11,autumn,None,none,Cloudy,0,11190,5,Low,406
2023-11-02,Thursday,11,autumn,None,none,Pleasant,0,12913,5,Low,440
2023-11-03,Friday,11,autumn,None,none,Pleasant,0,12031,5,Low,400
2023-11-04,Saturday,11,autumn,None,none,Cloudy,1,15741,6,Low,407
2023-11-05,Sunday,11,autumn,None,none,Cloudy,1,16965,7,Low,413
2023-11-06,Monday,11,autumn,None,none,Pleasant,0,13871,5,Low,423
2023-11-07,Tuesday,11,autumn,None,none,Cloudy,0,10694,5,Low,431
2023-11-08,Wednesday,11,autumn,None,none,Pleasant,0,11190,5,Low,448
2023-11-09,Thursday,11,autumn,None,none,Cool,0,11643,5,Low,433
2023-11-10,Friday,11,autumn,None,none,Cloudy,0,11599,5,Low,425
2023-11-11,Saturday,11,autumn,None,none,Cloudy,1,17070,7,Low,422
2023-11-12,Sunday,11,autumn,None,none,Pleasant,1,18564,7,Low,450
2023-11-13,Monday,11,autumn,None,none,Pleasant,0,14190,5,Low,459
2023-11-14,Tuesday,11,autumn,None,none,Pleasant,0,11372,5,Low,434
2023-11-15,Wednesday,11,autumn,None,none,Pleasant,0,11340,5,Low,473
2023-11-16,Thursday,11,autumn,None,none,Pleasant,0,11520,5,Low,473
2023-11-17,Friday,11,autumn,None,none,Pleasant,0,12094,5,Low,393
2023-11-18,Saturday,11,autumn,None,none,Pleasant,1,18618,7,Low,415
2023-11-19,Sunday,11,autumn,None,none,Pleasant,1,18461,7,Low,469
2023-11-20,Monday,11,autumn,None,none,Pleasant,0,13892,6,Low,420
2023-11-21,Tuesday,11,autumn,None,none,Pleasant,0,12873,5,Low,450
2023-11-22,Wednesday,11,autumn,None,none,Pleasant,0,12456,5,Low,462
2023-11-23,Thursday,11,autumn,None,none,Pleasant,0,12104,5,Low,449
2023-11-24,Friday,11,autumn,None,none,Cool,0,12825,5,Low,437
2023-11-25,Saturday,11,autumn,None,none,Pleasant,1,17768,6,Low,467
2023-11-26,Sunday,11,autumn,None,none,Pleasant,1,17273,7,Low,410
2023-11-27,Monday,11,autumn,None,none,Cool,0,14771,6,Low,403
2023-11-28,Tuesday,11,autumn,None,none,Pleasant,0,12495,5,Low,429
2023-11-29,Wednesday,11,autumn,None,none,Cloudy,0,9960,5,Low,440
2023-11-30,Thursday,11,autumn,None,none,Pleasant,0,11262,5,Low,399
2023-12-01,Friday,12,winter,None,none,Cold,0,9459,5,Low,403
2023-12-02,Saturday,12,winter,None,none,Pleasant,1,16677,6,Low,477
2023-12-03,Sunday,12,winter,None,none,Cold,1,16170,6,Low,462
2023-12-04,Monday,12,winter,None,none,Cold,0,12638,5,Low,434
2023-12-05,Tuesday,12,winter,None,none,Foggy,0,8365,5,Low,474
2023-12-06,Wednesday,12,winter,None,none,Pleasant,0,11227,5,Low,398
2023-12-07,Thursday,12,winter,None,none,Pleasant,0,11983,5,Low,391
2023-12-08,Friday,12,winter,None,none,Foggy,0,8364,5,Low,452
2023-12-09,Saturday,12,winter,None,none,Cold,1,14499,5,Low,445
2023-12-10,Sunday,12,winter,None,none,Pleasant,1,17809,6,Low,471
2023-12-11,Monday,12,winter,None,none,Foggy,0,9916,5,Low,480
2023-12-12,Tuesday,12,winter,None,none,Cold,0,10389,5,Low,445
2023-12-13,Wednesday,12,winter,None,none,Cold,0,10420,5,Low,456
2023-12-14,Thursday,12,winter,None,none,Pleasant,0,11126,5,Low,468
2023-12-15,Friday,12,winter,None,none,Foggy,0,8231,5,Low,449
2023-12-16,Saturday,12,winter,None,none,Foggy,1,12853,5,Low,465
2023-12-17,Sunday,12,winter,None,none,Pleasant,1,18009,7,Low,431
2023-12-18,Monday,12,winter,None,none,Cold,0,12938,5,Low,401
2023-12-19,Tuesday,12,winter,None,none,Pleasant,0,12304,5,Low,447
2023-12-20,Wednesday,12,winter,None,none,Cold,0,9649,5,Low,449
2023-12-21,Thursday,12,winter,None,none,Foggy,0,7822,5,Low,433
2023-12-22,Friday,12,winter,None,none,Cold,0,10432,5,Low,453
2023-12-23,Saturday,12,winter,None,none,Pleasant,1,16636,7,Low,413
2023-12-24,Sunday,12,winter,None,none,Foggy,1,12772,5,Low,417
2023-12-25,Monday,12,winter,None,none,Pleasant,0,15414,6,Low,423
2023-12-26,Tuesday,12,winter,None,none,Pleasant,0,12144,5,Low,425
2023-12-27,Wednesday,12,winter,None,none,Pleasant,0,11785,5,Low,461
2023-12-28,Thursday,12,winter,None,none,Cold,0,10433,5,Low,456
2023-12-29,Friday,12,winter,None,none,Cold,0,10131,5,Low,400
2023-12-30,Saturday,12,winter,None,none,Cold,1,15411,6,Low,442
2023-12-31,Sunday,12,winter,None,none,Foggy,1,13489,5,Low,461
2024-01-01,Monday,1,winter,None,none,Cold,0,12016,5,Low,478
2024-01-02,Tuesday,1,winter,None,none,Foggy,0,9019,5,Low,472
2024-01-03,Wednesday,1,winter,None,none,Foggy,0,8944,5,Low,447
2024-01-04,Thursday,1,winter,None,none,Cold,0,9703,5,Low,401
2024-01-05,Friday,1,winter,None,none,Pleasant,0,11173,5,Low,418
2024-01-06,Saturday,1,winter,None,none,Foggy,1,11795,5,Low,478
2024-01-07,Sunday,1,winter,None,none,Cold,1,14120,5,Low,429
2024-01-08,Monday,1,winter,None,none,Pleasant,0,13465,5,Low,450
2024-01-09,Tuesday,1,winter,None,none,Pleasant,0,12351,5,Low,444
2024-01-10,Wednesday,1,winter,None,none,Pleasant,0,11176,5,Low,435
2024-01-11,Thursday,1,winter,None,none,Foggy,0,8156,5,Low,424
2024-01-12,Friday,1,winter,None,none,Pleasant,0,12662,5,Low,422
2024-01-13,Saturday,1,winter,None,none,Cold,1,14132,6,Low,405
2024-01-14,Sunday,1,winter,None,none,Cold,1,16069,6,Low,430
2024-01-15,Monday,1,winter,Makar Sankranti,major,Cold,0,41344,21,Medium,458
2024-01-16,Tuesday,1,winter,None,none,Cold,0,9576,5,Low,414
2024-01-17,Wednesday,1,winter,None,none,Cold,0,10521,5,Low,451
2024-01-18,Thursday,1,winter,None,none,Pleasant,0,12247,5,Low,465
2024-01-19,Friday,1,winter,None,none,Pleasant,0,12724,5,Low,402
2024-01-20,Saturday,1,winter,None,none,Cold,1,15875,6,Low,427
2024-01-21,Sunday,1,winter,None,none,Cold,1,16042,6,Low,436
2024-01-22,Monday,1,winter,None,none,Cold,0,11813,5,Low,428
2024-01-23,Tuesday,1,winter,None,none,Cold,0,9673,5,Low,480
2024-01-24,Wednesday,1,winter,None,none,Cold,0,10609,5,Low,425
2024-01-25,Thursday,1,winter,None,none,Cold,0,10700,5,Low,396
2024-01-26,Friday,1,winter,None,none,Pleasant,0,12941,5,Low,479
2024-01-27,Saturday,1,winter,None,none,Cold,1,15086,5,Low,471
2024-01-28,Sunday,1,winter,None,none,Foggy,1,12341,5,Low,403
2024-01-29,Monday,1,winter,None,none,Cold,0,12781,5,Low,463
2024-01-30,Tuesday,1,winter,None,none,Pleasant,0,11694,5,Low,450
2024-01-31,Wednesday,1,winter,None,none,Foggy,0,8978,5,Low,446
2024-02-01,Thursday,2,winter,None,none,Pleasant,0,12688,5,Low,413
2024-02-02,Friday,2,winter,None,none,Cold,0,10084,5,Low,422
2024-02-03,Saturday,2,winter,None,none,Foggy,1,13105,5,Low,404
2024-02-04,Sunday,2,winter,None,none,Cold,1,15923,6,Low,441
2024-02-05,Monday,2,winter,None,none,Foggy,0,9439,5,Low,399
2024-02-06,Tuesday,2,winter,None,none,Cold,0,10856,5,Low,409
2024-02-07,Wednesday,2,winter,None,none,Cold,0,10208,5,Low,462
2024-02-08,Thursday,2,winter,None,none,Pleasant,0,12626,5,Low,400
2024-02-09,Friday,2,winter,None,none,Cold,0,9906,5,Low,405
2024-02-10,Saturday,2,winter,None,none,Foggy,1,13397,5,Low,467
2024-02-11,Sunday,2,winter,None,none,Cold,1,15028,5,Low,456
2024-02-12,Monday,2,winter,None,none,Foggy,0,9291,5,Low,447
2024-02-13,Tuesday,2,winter,Maha Shivaratri,major,Foggy,0,31306,16,Medium,428
2024-02-14,Wednesday,2,winter,None,none,Foggy,0,7850,5,Low,429
2024-02-15,Thursday,2,winter,None,none,Cold,0,9905,5,Low,468
2024-02-16,Friday,2,winter,None,none,Cold,0,10934,5,Low,416
2024-02-17,Saturday,2,winter,None,none,Cold,1,16403,6,Low,423
2024-02-18,Sunday,2,winter,None,none,Cold,1,15479,6,Low,410
2024-02-19,Monday,2,winter,None,none,Cold,0,12498,5,Low,412
2024-02-20,Tuesday,2,winter,None,none,Cold,0,10115,5,Low,410
2024-02-21,Wednesday,2,winter,None,none,Cold,0,9862,5,Low,442
2024-02-22,Thursday,2,winter,None,none,Foggy,0,8169,5,Low,478
2024-02-23,Friday,2,winter,None,none,Foggy,0,8631,5,Low,427
2024-02-24,Saturday,2,winter,None,none,Cold,1,15917,6,Low,419
2024-02-25,Sunday,2,winter,None,none,Pleasant,1,18839,7,Low,480
2024-02-26,Monday,2,winter,None,none,Pleasant,0,15067,5,Low,479
2024-02-27,Tuesday,2,winter,None,none,Foggy,0,7850,5,Low,399
2024-02-28,Wednesday,2,winter,None,none,Cold,0,10190,5,Low,423
2024-02-29,Thursday,2,winter,None,none,Cold,0,9477,5,Low,444
2024-03-01,Friday,3,spring,None,none,Pleasant,0,12095,5,Low,459
2024-03-02,Saturday,3,spring,None,none,Pleasant,1,17831,6,Low,472
2024-03-03,Sunday,3,spring,None,none,Pleasant,1,19116,8,Low,424
2024-03-04,Monday,3,spring,None,none,Pleasant,0,14056,6,Low,399
2024-03-05,Tuesday,3,spring,None,none,Pleasant,0,11264,5,Low,411
2024-03-06,Wednesday,3,spring,None,none,Warm,0,10748,5,Low,466
2024-03-07,Thursday,3,spring,None,none,Warm,0,11876,5,Low,446
2024-03-08,Friday,3,spring,None,none,Pleasant,0,12226,5,Low,449
2024-03-09,Saturday,3,spring,None,none,Warm,1,16008,6,Low,479
2024-03-10,Sunday,3,spring,None,none,Pleasant,1,16802,7,Low,424
2024-03-11,Monday,3,spring,None,none,Pleasant,0,14863,6,Low,446
2024-03-12,Tuesday,3,spring,None,none,Pleasant,0,11179,5,Low,466
2024-03-13,Wednesday,3,spring,None,none,Pleasant,0,12617,5,Low,445
2024-03-14,Thursday,3,spring,None,none,Warm,0,11776,5,Low,467
2024-03-15,Friday,3,spring,None,none,Warm,0,10636,5,Low,393
2024-03-16,Saturday,3,spring,None,none,Pleasant,1,16804,7,Low,419
2024-03-17,Sunday,3,spring,None,none,Pleasant,1,19401,7,Low,476
2024-03-18,Monday,3,spring,None,none,Warm,0,13404,5,Low,463
2024-03-19,Tuesday,3,spring,None,none,Pleasant,0,11751,5,Low,412
2024-03-20,Wednesday,3,spring,None,none,Pleasant,0,12600,5,Low,456
2024-03-21,Thursday,3,spring,None,none,Pleasant,0,12858,5,Low,425
2024-03-22,Friday,3,spring,None,none,Pleasant,0,12933,5,Low,464
2024-03-23,Saturday,3,spring,None,none,Pleasant,1,18729,7,Low,471
2024-03-24,Sunday,3,spring,None,none,Pleasant,1,17643,7,Low,401
2024-03-25,Monday,3,spring,Holi,major,Pleasant,0,47041,25,Medium,434
2024-03-26,Tuesday,3,spring,None,none,Pleasant,0,12532,5,Low,432
2024-03-27,Wednesday,3,spring,None,none,Warm,0,11506,5,Low,475
2024-03-28,Thursday,3,spring,None,none,Pleasant,0,11854,5,Low,410
2024-03-29,Friday,3,spring,None,none,Warm,0,12141,5,Low,442
2024-03-30,Saturday,3,spring,None,none,Pleasant,1,16880,7,Low,426
2024-03-31,Sunday,3,spring,None,none,Pleasant,1,17978,7,Low,460
2024-04-01,Monday,4,spring,None,none,Pleasant,0,13274,5,Low,448
2024-04-02,Tuesday,4,spring,None,none,Pleasant,0,11939,5,Low,430
2024-04-03,Wednesday,4,spring,None,none,Warm,0,10590,5,Low,431
2024-04-04,Thursday,4,spring,None,none,Pleasant,0,11268,5,Low,441
2024-04-05,Friday,4,spring,None,none,Pleasant,0,11265,5,Low,474
2024-04-06,Saturday,4,spring,None,none,Pleasant,1,18429,7,Low,442
2024-04-07,Sunday,4,spring,None,none,Pleasant,1,18708,8,Low,414
2024-04-08,Monday,4,spring,None,none,Warm,0,13862,5,Low,469
2024-04-09,Tuesday,4,spring,Ram Navami,major,Pleasant,0,45105,22,Medium,470
2024-04-10,Wednesday,4,spring,None,none,Pleasant,0,11759,5,Low,396
2024-04-11,Thursday,4,spring,None,none,Pleasant,0,11588,5,Low,424
2024-04-12,Friday,4,spring,None,none,Pleasant,0,12707,5,Low,426
2024-04-13,Saturday,4,spring,None,none,Pleasant,1,17203,6,Low,479
2024-04-14,Sunday,4,spring,Baisakhi,minor,Pleasant,1,38668,16,Medium,405
2024-04-15,Monday,4,spring,None,none,Pleasant,0,13276,5,Low,470
2024-04-16,Tuesday,4,spring,None,none,Pleasant,0,12902,5,Low,480
2024-04-17,Wednesday,4,spring,None,none,Pleasant,0,11122,5,Low,429
2024-04-18,Thursday,4,spring,None,none,Pleasant,0,12750,5,Low,460
2024-04-19,Friday,4,spring,None,none,Pleasant,0,12053,5,Low,401
2024-04-20,Saturday,4,spring,None,none,Pleasant,1,19419,8,Low,404
2024-04-21,Sunday,4,spring,None,none,Pleasant,1,16772,7,Low,405
2024-04-22,Monday,4,spring,None,none,Pleasant,0,14524,5,Low,453
2024-04-23,Tuesday,4,spring,None,none,Warm,0,12256,5,Low,455
2024-04-24,Wednesday,4,spring,None,none,Warm,0,11442,5,Low,443
2024-04-25,Thursday,4,spring,None,none,Pleasant,0,12248,5,Low,450
2024-04-26,Friday,4,spring,None,none,Pleasant,0,12375,5,Low,448
2024-04-27,Saturday,4,spring,None,none,Pleasant,1,17869,7,Low,439
2024-04-28,Sunday,4,spring,None,none,Pleasant,1,18367,7,Low,466
2024-04-29,Monday,4,spring,None,none,Pleasant,0,14594,6,Low,398
2024-04-30,Tuesday,4,spring,None,none,Warm,0,12131,5,Low,443
2024-05-01,Wednesday,5,spring,None,none,Warm,0,10570,5,Low,454
2024-05-02,Thursday,5,spring,None,none,Warm,0,11000,5,Low,390
2024-05-03,Friday,5,spring,None,none,Warm,0,12221,5,Low,428
2024-05-04,Saturday,5,spring,None,none,Pleasant,1,19123,8,Low,409
2024-05-05,Sunday,5,spring,None,none,Pleasant,1,17872,7,Low,458
2024-05-06,Monday,5,spring,None,none,Pleasant,0,14676,6,Low,434
2024-05-07,Tuesday,5,spring,None,none,Warm,0,10993,5,Low,460
2024-05-08,Wednesday,5,spring,None,none,Pleasant,0,11401,5,Low,448
2024-05-09,Thursday,5,spring,None,none,Warm,0,11333,5,Low,414
2024-05-10,Friday,5,spring,None,none,Pleasant,0,11718,5,Low,463
2024-05-11,Saturday,5,spring,None,none,Pleasant,1,18240,7,Low,419
2024-05-12,Sunday,5,spring,None,none,Pleasant,1,16783,7,Low,395
2024-05-13,Monday,5,spring,None,none,Warm,0,14718,5,Low,450
2024-05-14,Tuesday,5,spring,None,none,Pleasant,0,12933,5,Low,439
2024-05-15,Wednesday,5,spring,None,none,Pleasant,0,12380,5,Low,453
2024-05-16,Thursday,5,spring,None,none,Pleasant,0,12069,5,Low,406
2024-05-17,Friday,5,spring,None,none,Warm,0,11052,5,Low,402
2024-05-18,Saturday,5,spring,None,none,Pleasant,1,18903,8,Low,402
2024-05-19,Sunday,5,spring,None,none,Pleasant,1,18532,8,Low,391
2024-05-20,Monday,5,spring,None,none,Pleasant,0,13622,5,Low,442
2024-05-21,Tuesday,5,spring,None,none,Pleasant,0,12788,5,Low,399
2024-05-22,Wednesday,5,spring,None,none,Pleasant,0,12619,5,Low,423
2024-05-23,Thursday,5,spring,Buddha Purnima,minor,Warm,0,24440,9,Low,469
2024-05-24,Friday,5,spring,None,none,Pleasant,0,12433,5,Low,473
2024-05-25,Saturday,5,spring,None,none,Pleasant,1,18326,7,Low,432
2024-05-26,Sunday,5,spring,None,none,Pleasant,1,17764,7,Low,430
2024-05-27,Monday,5,spring,None,none,Pleasant,0,15397,6,Low,459
2024-05-28,Tuesday,5,spring,None,none,Pleasant,0,12702,5,Low,469
2024-05-29,Wednesday,5,spring,None,none,Pleasant,0,11126,5,Low,420
2024-05-30,Thursday,5,spring,None,none,Warm,0,10536,5,Low,419
2024-05-31,Friday,5,spring,None,none,Pleasant,0,11762,5,Low,445
2024-06-01,Saturday,6,summer,None,none,Hot,1,15115,5,Low,471
2024-06-02,Sunday,6,summer,None,none,Hot,1,15522,6,Low,446
2024-06-03,Monday,6,summer,None,none,Hot,0,10875,5,Low,478
2024-06-04,Tuesday,6,summer,None,none,Very Hot,0,7917,5,Low,393
2024-06-05,Wednesday,6,summer,None,none,Hot,0,9417,5,Low,431
2024-06-06,Thursday,6,summer,None,none,Hot,0,10321,5,Low,427
2024-06-07,Friday,6,summer,None,none,Very Hot,0,8226,5,Low,437
2024-06-08,Saturday,6,summer,None,none,Cloudy,1,17076,7,Low,408
2024-06-09,Sunday,6,summer,None,none,Hot,1,14327,5,Low,457
2024-06-10,Monday,6,summer,None,none,Cloudy,0,12783,5,Low,462
2024-06-11,Tuesday,6,summer,None,none,Hot,0,9251,5,Low,411
2024-06-12,Wednesday,6,summer,None,none,Hot,0,8918,5,Low,400
2024-06-13,Thursday,6,summer,None,none,Cloudy,0,11430,5,Low,469
2024-06-14,Friday,6,summer,None,none,Hot,0,10080,5,Low,453
2024-06-15,Saturday,6,summer,None,none,Hot,1,15551,6,Low,419
2024-06-16,Sunday,6,summer,None,none,Cloudy,1,17487,6,Low,471
2024-06-17,Monday,6,summer,None,none,Very Hot,0,9443,5,Low,448
2024-06-18,Tuesday,6,summer,None,none,Very Hot,0,8135,5,Low,475
2024-06-19,Wednesday,6,summer,None,none,Hot,0,10283,5,Low,449
2024-06-20,Thursday,6,summer,None,none,Very Hot,0,8236,5,Low,476
2024-06-21,Friday,6,summer,None,none,Hot,0,9211,5,Low,399
2024-06-22,Saturday,6,summer,None,none,Cloudy,1,16071,6,Low,434
2024-06-23,Sunday,6,summer,None,none,Very Hot,1,11005,5,Low,471
2024-06-24,Monday,6,summer,None,none,Cloudy,0,13901,5,Low,478
2024-06-25,Tuesday,6,summer,None,none,Very Hot,0,7932,5,Low,448
2024-06-26,Wednesday,6,summer,None,none,Very Hot,0,7461,5,Low,415
2024-06-27,Thursday,6,summer,None,none,Cloudy,0,11096,5,Low,451
2024-06-28,Friday,6,summer,None,none,Hot,0,9781,5,Low,420
2024-06-29,Saturday,6,summer,None,none,Cloudy,1,15832,6,Low,463
2024-06-30,Sunday,6,summer,None,none,Very Hot,1,10976,5,Low,463
2024-07-01,Monday,7,summer,None,none,Very Hot,0,9616,5,Low,479
2024-07-02,Tuesday,7,summer,None,none,Very Hot,0,7825,5,Low,392
2024-07-03,Wednesday,7,summer,None,none,Cloudy,0,11270,5,Low,425
2024-07-04,Thursday,7,summer,None,none,Hot,0,9630,5,Low,462
2024-07-05,Friday,7,summer,None,none,Hot,0,10140,5,Low,467
2024-07-06,Saturday,7,summer,None,none,Cloudy,1,16334,6,Low,426
2024-07-07,Sunday,7,summer,None,none,Hot,1,14540,5,Low,467
2024-07-08,Monday,7,summer,None,none,Very Hot,0,9924,5,Low,418
2024-07-09,Tuesday,7,summer,None,none,Hot,0,9451,5,Low,469
2024-07-10,Wednesday,7,summer,None,none,Very Hot,0,7343,5,Low,476
2024-07-11,Thursday,7,summer,None,none,Hot,0,8876,5,Low,470
2024-07-12,Friday,7,summer,None,none,Hot,0,9991,5,Low,470
2024-07-13,Saturday,7,summer,None,none,Hot,1,14677,6,Low,429
2024-07-14,Sunday,7,summer,None,none,Cloudy,1,16728,7,Low,394
2024-07-15,Monday,7,summer,None,none,Very Hot,0,8930,5,Low,406
2024-07-16,Tuesday,7,summer,None,none,Hot,0,9041,5,Low,427
2024-07-17,Wednesday,7,summer,Guru Purnima,major,Very Hot,0,25179,12,Medium,443
2024-07-18,Thursday,7,summer,None,none,Hot,0,9370,5,Low,415
2024-07-19,Friday,7,summer,None,none,Hot,0,9738,5,Low,459
2024-07-20,Saturday,7,summer,None,none,Very Hot,1,11498,5,Low,457
2024-07-21,Sunday,7,summer,None,none,Very Hot,1,11582,5,Low,411
2024-07-22,Monday,7,summer,None,none,Very Hot,0,9965,5,Low,451
2024-07-23,Tuesday,7,summer,None,none,Very Hot,0,7610,5,Low,433
2024-07-24,Wednesday,7,summer,None,none,Hot,0,9621,5,Low,449
2024-07-25,Thursday,7,summer,None,none,Hot,0,10035,5,Low,408
2024-07-26,Friday,7,summer,None,none,Hot,0,9441,5,Low,476
2024-07-27,Saturday,7,summer,None,none,Cloudy,1,16516,6,Low,461
2024-07-28,Sunday,7,summer,None,none,Very Hot,1,12378,5,Low,401
2024-07-29,Monday,7,summer,None,none,Cloudy,0,13892,6,Low,391
2024-07-30,Tuesday,7,summer,None,none,Very Hot,0,7359,5,Low,458
2024-07-31,Wednesday,7,summer,None,none,Hot,0,10255,5,Low,448
2024-08-01,Thursday,8,monsoon,None,none,Cloudy,0,10786,5,Low,476
2024-08-02,Friday,8,monsoon,None,none,Cloudy,0,10382,5,Low,464
2024-08-03,Saturday,8,monsoon,None,none,Stormy,1,5364,5,Low,471
2024-08-04,Sunday,8,monsoon,None,none,Cloudy,1,17444,7,Low,403
2024-08-05,Monday,8,monsoon,None,none,Rainy,0,7910,5,Low,450
2024-08-06,Tuesday,8,monsoon,None,none,Rainy,0,6419,5,Low,469
2024-08-07,Wednesday,8,monsoon,None,none,Rainy,0,6740,5,Low,431
2024-08-08,Thursday,8,monsoon,None,none,Rainy,0,6325,5,Low,418
2024-08-09,Friday,8,monsoon,None,none,Rainy,0,6152,5,Low,471
2024-08-10,Saturday,8,monsoon,None,none,Stormy,1,5079,5,Low,479
2024-08-11,Sunday,8,monsoon,None,none,Cloudy,1,15235,5,Low,473
2024-08-12,Monday,8,monsoon,None,none,Stormy,0,4079,5,Low,404
2024-08-13,Tuesday,8,monsoon,None,none,Rainy,0,6218,5,Low,395
2024-08-14,Wednesday,8,monsoon,None,none,Rainy,0,6748,5,Low,428
2024-08-15,Thursday,8,monsoon,None,none,Stormy,0,3416,5,Low,404
2024-08-16,Friday,8,monsoon,None,none,Rainy,0,6437,5,Low,420
2024-08-17,Saturday,8,monsoon,None,none,Rainy,1,10528,5,Low,407
2024-08-18,Sunday,8,monsoon,None,none,Stormy,1,5377,5,Low,448
2024-08-19,Monday,8,monsoon,Raksha Bandhan,minor,Cloudy,0,26614,9,Medium,475
2024-08-20,Tuesday,8,monsoon,None,none,Rainy,0,6253,5,Low,443
2024-08-21,Wednesday,8,monsoon,None,none,Rainy,0,6275,5,Low,409
2024-08-22,Thursday,8,monsoon,None,none,Stormy,0,3335,5,Low,473
2024-08-23,Friday,8,monsoon,None,none,Rainy,0,6250,5,Low,452
2024-08-24,Saturday,8,monsoon,None,none,Rainy,1,9549,5,Low,442
2024-08-25,Sunday,8,monsoon,None,none,Cloudy,1,15362,6,Low,394
2024-08-26,Monday,8,monsoon,Janmashtami,major,Cloudy,0,42374,23,Medium,417
2024-08-27,Tuesday,8,monsoon,None,none,Stormy,0,3381,5,Low,446
2024-08-28,Wednesday,8,monsoon,None,none,Rainy,0,6558,5,Low,436
2024-08-29,Thursday,8,monsoon,None,none,Rainy,0,6289,5,Low,477
2024-08-30,Friday,8,monsoon,None,none,Cloudy,0,10565,5,Low,459
2024-08-31,Saturday,8,monsoon,None,none,Cloudy,1,16208,7,Low,397
2024-09-01,Sunday,9,monsoon,None,none,Stormy,1,5564,5,Low,425
2024-09-02,Monday,9,monsoon,None,none,Rainy,0,7336,5,Low,405
2024-09-03,Tuesday,9,monsoon,None,none,Stormy,0,3772,5,Low,401
2024-09-04,Wednesday,9,monsoon,None,none,Rainy,0,6735,5,Low,472
2024-09-05,Thursday,9,monsoon,None,none,Rainy,0,6158,5,Low,392
2024-09-06,Friday,9,monsoon,None,none,Rainy,0,6994,5,Low,432
2024-09-07,Saturday,9,monsoon,Ganesh Chaturthi,major,Rainy,1,36983,21,Medium,406
2024-09-08,Sunday,9,monsoon,None,none,Rainy,1,9204,5,Low,416
2024-09-09,Monday,9,monsoon,None,none,Rainy,0,7637,5,Low,460
2024-09-10,Tuesday,9,monsoon,None,none,Rainy,0,6923,5,Low,465
2024-09-11,Wednesday,9,monsoon,None,none,Rainy,0,6862,5,Low,419
2024-09-12,Thursday,9,monsoon,None,none,Cloudy,0,10254,5,Low,408
2024-09-13,Friday,9,monsoon,None,none,Rainy,0,6293,5,Low,390
2024-09-14,Saturday,9,monsoon,None,none,Cloudy,1,15864,6,Low,408
2024-09-15,Sunday,9,monsoon,None,none,Rainy,1,9875,5,Low,459
2024-09-16,Monday,9,monsoon,None,none,Cloudy,0,13205,5,Low,412
2024-09-17,Tuesday,9,monsoon,None,none,Rainy,0,6461,5,Low,474
2024-09-18,Wednesday,9,monsoon,None,none,Rainy,0,6560,5,Low,406
2024-09-19,Thursday,9,monsoon,None,none,Rainy,0,6861,5,Low,435
2024-09-20,Friday,9,monsoon,None,none,Rainy,0,6110,5,Low,465
2024-09-21,Saturday,9,monsoon,None,none,Cloudy,1,15558,7,Low,392
2024-09-22,Sunday,9,monsoon,None,none,Rainy,1,10237,5,Low,423
2024-09-23,Monday,9,monsoon,None,none,Rainy,0,8420,5,Low,406
2024-09-24,Tuesday,9,monsoon,None,none,Stormy,0,3606,5,Low,457
2024-09-25,Wednesday,9,monsoon,None,none,Rainy,0,6633,5,Low,398
2024-09-26,Thursday,9,monsoon,None,none,Stormy,0,3373,5,Low,447
2024-09-27,Friday,9,monsoon,None,none,Cloudy,0,10709,5,Low,455
2024-09-28,Saturday,9,monsoon,None,none,Rainy,1,9951,5,Low,403
2024-09-29,Sunday,9,monsoon,None,none,Stormy,1,5177,5,Low,454
2024-09-30,Monday,9,monsoon,None,none,Rainy,0,7627,5,Low,468
2024-10-01,Tuesday,10,autumn,None,none,Pleasant,0,11764,5,Low,474
2024-10-02,Wednesday,10,autumn,Navratri Start,major,Cool,0,40713,21,Medium,448
2024-10-03,Thursday,10,autumn,None,none,Pleasant,0,11658,5,Low,397
2024-10-04,Friday,10,autumn,None,none,Cloudy,0,10301,5,Low,441
2024-10-05,Saturday,10,autumn,None,none,Cloudy,1,15752,6,Low,477
2024-10-06,Sunday,10,autumn,None,none,Pleasant,1,16904,6,Low,452
2024-10-07,Monday,10,autumn,None,none,Cloudy,0,13769,6,Low,399
2024-10-08,Tuesday,10,autumn,None,none,Pleasant,0,12179,5,Low,431
2024-10-09,Wednesday,10,autumn,None,none,Pleasant,0,12343,5,Low,398
2024-10-10,Thursday,10,autumn,None,none,Pleasant,0,12555,5,Low,425
2024-10-11,Friday,10,autumn,None,none,Cool,0,12596,5,Low,438
2024-10-12,Saturday,10,autumn,Dussehra,major,Cool,1,61777,32,High,448
2024-10-13,Sunday,10,autumn,None,none,Cloudy,1,16296,7,Low,402
2024-10-14,Monday,10,autumn,None,none,Pleasant,0,14600,5,Low,473
2024-10-15,Tuesday,10,autumn,None,none,Pleasant,0,12471,5,Low,445
2024-10-16,Wednesday,10,autumn,None,none,Cloudy,0,10681,5,Low,419
2024-10-17,Thursday,10,autumn,None,none,Cloudy,0,10156,5,Low,433
2024-10-18,Friday,10,autumn,None,none,Cloudy,0,10426,5,Low,441
2024-10-19,Saturday,10,autumn,None,none,Cloudy,1,15845,7,Low,402
2024-10-20,Sunday,10,autumn,None,none,Cool,1,19341,7,Low,444
2024-10-21,Monday,10,autumn,None,none,Cool,0,15291,5,Low,475
2024-10-22,Tuesday,10,autumn,None,none,Cool,0,12309,5,Low,437
2024-10-23,Wednesday,10,autumn,None,none,Pleasant,0,12934,5,Low,477
2024-10-24,Thursday,10,autumn,None,none,Cloudy,0,10982,5,Low,398
2024-10-25,Friday,10,autumn,None,none,Pleasant,0,11495,5,Low,400
2024-10-26,Saturday,10,autumn,None,none,Pleasant,1,16853,6,Low,445
2024-10-27,Sunday,10,autumn,None,none,Pleasant,1,17000,6,Low,437
2024-10-28,Monday,10,autumn,None,none,Pleasant,0,13814,5,Low,461
2024-10-29,Tuesday,10,autumn,None,none,Pleasant,0,11348,5,Low,465
2024-10-30,Wednesday,10,autumn,None,none,Cool,0,11968,5,Low,475
2024-10-31,Thursday,10,autumn,Diwali,major,Pleasant,0,40555,21,Medium,442
2024-11-01,Friday,11,autumn,None,none,Cool,0,11941,5,Low,475
2024-11-02,Saturday,11,autumn,None,none,Cloudy,1,17228,7,Low,396
2024-11-03,Sunday,11,autumn,None,none,Cool,1,17630,6,Low,466
2024-11-04,Monday,11,autumn,None,none,Cool,0,15179,6,Low,435
2024-11-05,Tuesday,11,autumn,None,none,Pleasant,0,11827,5,Low,463
2024-11-06,Wednesday,11,autumn,None,none,Pleasant,0,12926,5,Low,409
2024-11-07,Thursday,11,autumn,None,none,Cloudy,0,10129,5,Low,418
2024-11-08,Friday,11,autumn,None,none,Pleasant,0,11803,5,Low,434
2024-11-09,Saturday,11,autumn,None,none,Cool,1,20319,8,Low,404
2024-11-10,Sunday,11,autumn,None,none,Cool,1,20005,7,Low,463
2024-11-11,Monday,11,autumn,None,none,Pleasant,0,15130,6,Low,444
2024-11-12,Tuesday,11,autumn,None,none,Pleasant,0,11535,5,Low,467
2024-11-13,Wednesday,11,autumn,None,none,Cool,0,11936,5,Low,393
2024-11-14,Thursday,11,autumn,None,none,Pleasant,0,12323,5,Low,424
2024-11-15,Friday,11,autumn,Dev Uthani Ekadashi,minor,Cool,0,26931,10,Medium,433
2024-11-16,Saturday,11,autumn,None,none,Cool,1,19071,8,Low,390
2024-11-17,Sunday,11,autumn,None,none,Pleasant,1,18206,7,Low,408
2024-11-18,Monday,11,autumn,None,none,Cloudy,0,12503,5,Low,398
2024-11-19,Tuesday,11,autumn,None,none,Pleasant,0,12517,5,Low,471
2024-11-20,Wednesday,11,autumn,None,none,Pleasant,0,11399,5,Low,401
2024-11-21,Thursday,11,autumn,None,none,Pleasant,0,11661,5,Low,438
2024-11-22,Friday,11,autumn,None,none,Cloudy,0,10671,5,Low,448
2024-11-23,Saturday,11,autumn,None,none,Cool,1,18923,8,Low,410
2024-11-24,Sunday,11,autumn,None,none,Cool,1,18121,7,Low,429
2024-11-25,Monday,11,autumn,None,none,Cool,0,14188,5,Low,462
2024-11-26,Tuesday,11,autumn,None,none,Pleasant,0,12212,5,Low,396
2024-11-27,Wednesday,11,autumn,None,none,Pleasant,0,11594,5,Low,410
2024-11-28,Thursday,11,autumn,None,none,Pleasant,0,12155,5,Low,476
2024-11-29,Friday,11,autumn,None,none,Pleasant,0,11336,5,Low,424
2024-11-30,Saturday,11,autumn,None,none,Cloudy,1,16151,6,Low,474
2024-12-01,Sunday,12,winter,None,none,Foggy,1,12665,5,Low,452
2024-12-02,Monday,12,winter,None,none,Foggy,0,9357,5,Low,443
2024-12-03,Tuesday,12,winter,None,none,Pleasant,0,11686,5,Low,417
2024-12-04,Wednesday,12,winter,None,none,Cold,0,9603,5,Low,434
2024-12-05,Thursday,12,winter,None,none,Foggy,0,7813,5,Low,404
2024-12-06,Friday,12,winter,None,none,Pleasant,0,12940,5,Low,476
2024-12-07,Saturday,12,winter,None,none,Foggy,1,12241,5,Low,457
2024-12-08,Sunday,12,winter,None,none,Pleasant,1,18892,8,Low,395
2024-12-09,Monday,12,winter,None,none,Cold,0,11759,5,Low,440
2024-12-10,Tuesday,12,winter,None,none,Cold,0,10496,5,Low,390
2024-12-11,Wednesday,12,winter,None,none,Cold,0,10624,5,Low,428
2024-12-12,Thursday,12,winter,None,none,Cold,0,10356,5,Low,407
2024-12-13,Friday,12,winter,None,none,Pleasant,0,11945,5,Low,427
2024-12-14,Saturday,12,winter,None,none,Pleasant,1,17746,7,Low,405
2024-12-15,Sunday,12,winter,None,none,Cold,1,14930,5,Low,453
2024-12-16,Monday,12,winter,None,none,Foggy,0,10772,5,Low,412
2024-12-17,Tuesday,12,winter,None,none,Cold,0,10739,5,Low,438
2024-12-18,Wednesday,12,winter,None,none,Cold,0,10958,5,Low,454
2024-12-19,Thursday,12,winter,None,none,Pleasant,0,11278,5,Low,399
2024-12-20,Friday,12,winter,None,none,Foggy,0,8710,5,Low,395
2024-12-21,Saturday,12,winter,None,none,Foggy,1,13483,6,Low,392
2024-12-22,Sunday,12,winter,None,none,Foggy,1,11957,5,Low,399
2024-12-23,Monday,12,winter,None,none,Pleasant,0,13401,5,Low,463
2024-12-24,Tuesday,12,winter,None,none,Foggy,0,8724,5,Low,463
2024-12-25,Wednesday,12,winter,None,none,Foggy,0,8500,5,Low,480
2024-12-26,Thursday,12,winter,None,none,Foggy,0,8859,5,Low,427
2024-12-27,Friday,12,winter,None,none,Cold,0,9612,5,Low,441
2024-12-28,Saturday,12,winter,None,none,Cold,1,16022,6,Low,431
2024-12-29,Sunday,12,winter,None,none,Cold,1,14569,5,Low,469
2024-12-30,Monday,12,winter,New Year Eve,minor,Foggy,0,19075,7,Low,478
2024-12-31,Tuesday,12,winter,None,none,Pleasant,0,11355,5,Low,401
